"","Name","Model","AIC","AIC_wt","AICc","AICc_wt","BIC","BIC_wt","R2","R2_adjusted","RMSE","Sigma","species"
"1","null_model","lm",-21.5312451631681,0.808610784790274,-21.0312451631681,0.984301652959848,-18.9395714311595,0.990811765170458,0,0,0.150809267525135,0.153682083139391,"MIGU"
"2","model","lm",-18.6492280348449,0.191389215209726,-12.7544911927397,0.0156983470401523,-9.57836997281461,0.00918823482954198,0.231741485649911,0.0488227917570326,0.132184861901995,0.149883545005755,"MIGU"
"3","null_model","lm",-30.3986550130523,0.0005154972325517,-30.0115582388588,0.00364929530799742,-27.34593396382,0.022888600374338,0,0,0.145904773419427,0.148098953285799,"NAOF"
"4","model","lm",-45.5383809987496,0.999484502767448,-41.2306886910573,0.996350704692003,-34.8538573264365,0.977111399625662,0.5226014992171,0.437351766934439,0.100811488194356,0.111088849441508,"NAOF"
"5","null_model","lm",88.6293234760695,0.914689685819396,88.9929598397059,0.985086627951017,91.7963613529818,0.998223065098673,0,0,0.783854970223533,0.794974035809416,"POMO"
"6","model","lm",93.3739024817663,0.0853103141806043,97.3739024817663,0.0149133720489831,104.458535050959,0.00177693490132721,0.135828398030448,-0.00820020229781027,0.728678090760045,0.798226854938146,"POMO"
"7","null_model","lm",31.0760231575248,0.502660859730274,31.4631199317183,0.877712182794136,34.1287442067571,0.978679702149519,0,0,0.360320371636497,0.365739027149677,"VEAN"
"8","model","lm",31.0973102363235,0.497339140269727,35.4050025440158,0.122287817205864,41.7818339086366,0.0213202978504813,0.254344481224522,0.121191710014615,0.311141495655317,0.342861229260122,"VEAN"
